"Time","CpuPercent","PrivateMB","WorkingSetMB","Handles","Threads"
"2026-10-01T02:12:23.3413503-04:00","0.379","57.9","123.4","545","26"
"2026-10-01T02:12:28.3743138-04:00","0","57.1","122.8","545","26"
"2026-10-01T02:12:33.3903770-04:00","0.019","57.5","122.8","545","26"
"2026-10-01T02:12:38.4015732-04:00","0.029","58.5","124.2","542","24"
"2026-10-01T02:12:43.4155497-04:00","0.01","57.8","123.7","542","24"
"2026-10-01T02:12:48.4263234-04:00","0.029","58.6","124.5","539","23"
"2026-10-01T02:12:53.4355703-04:00","0.019","58.6","124.5","539","23"
"2026-10-01T02:12:58.4534583-04:00","0.01","58.3","123.9","539","23"
"2026-10-01T02:13:03.4958642-04:00","0.019","58.3","123.9","539","23"
"2026-10-01T02:13:08.5069605-04:00","0.029","58.3","123.9","539","23"
"2026-10-01T02:13:13.5201888-04:00","0.01","58.3","123.9","539","23"
"2026-10-01T02:13:18.5362479-04:00","0.029","58.5","124.5","537","20"
"2026-10-01T02:13:23.5499048-04:00","0","58.5","124.5","537","20"
"2026-10-01T02:13:28.5709840-04:00","0.029","58.5","124.5","534","19"
"2026-10-01T02:13:33.5865633-04:00","0.01","57.3","123.6","534","19"
"2026-10-01T02:13:38.5981838-04:00","0.029","57.6","123.8","537","20"
"2026-10-01T02:13:43.6165355-04:00","0.01","57.6","123.9","537","20"
"2026-10-01T02:13:48.6343709-04:00","0.019","57.5","123.8","534","19"
"2026-10-01T02:13:53.6456131-04:00","0.01","57.5","123.8","534","19"
"2026-10-01T02:13:58.6657600-04:00","0.019","57.5","123.8","534","19"
"2026-10-01T02:14:03.6798253-04:00","0.01","57.6","123.9","537","20"
"2026-10-01T02:14:08.6927779-04:00","0.019","57.8","124","537","20"
"2026-10-01T02:14:13.7128342-04:00","0.019","57.9","124.1","537","20"
"2026-10-01T02:14:18.7272112-04:00","0.039","59.3","125.5","537","20"
"2026-10-01T02:14:23.7399757-04:00","0.01","59.3","125.6","535","19"
"2026-10-01T02:14:28.7532514-04:00","0.01","58.4","124.5","532","18"
"2026-10-01T02:14:33.7746024-04:00","0.01","58.3","124.4","528","16"
"2026-10-01T02:14:38.7897968-04:00","0.01","58.3","124.4","528","16"
"2026-10-01T02:14:43.8034163-04:00","0.01","58.3","124.4","528","16"
"2026-10-01T02:14:48.8147657-04:00","0.019","58.5","124.6","531","17"
"2026-10-01T02:14:53.8278053-04:00","0.01","58.8","124.7","531","17"
"2026-10-01T02:14:58.8388099-04:00","0.01","58.7","124.7","531","17"
"2026-10-01T02:15:03.8539555-04:00","0.01","58.8","124.7","531","17"
"2026-10-01T02:15:08.8700285-04:00","0.01","58.7","124.7","528","16"
"2026-10-01T02:15:13.8789819-04:00","0.019","58.7","124.7","528","16"
"2026-10-01T02:15:18.8985448-04:00","0.029","58.8","124.7","531","17"
"2026-10-01T02:15:23.9109618-04:00","0.01","58.8","124.7","531","17"
"2026-10-01T02:15:28.9271256-04:00","0.019","58.7","124.7","528","16"
"2026-10-01T02:15:33.9402399-04:00","0.01","58.7","124.7","528","16"
"2026-10-01T02:15:38.9525421-04:00","0.019","58.7","124.7","528","16"
"2026-10-01T02:15:43.9697480-04:00","0.01","58.7","124.7","528","16"
"2026-10-01T02:15:48.9848170-04:00","0.019","58.7","124.7","528","16"
"2026-10-01T02:15:53.9997145-04:00","0.019","58.7","124.7","528","16"
"2026-10-01T02:15:59.0104570-04:00","0.01","58.7","124.7","528","16"
"2026-10-01T02:16:04.0246881-04:00","0.019","58.7","124.7","528","16"
"2026-10-01T02:16:09.0333334-04:00","0.019","58.8","124.7","531","17"
"2026-10-01T02:16:14.0480178-04:00","0.01","58.8","124.7","528","16"
"2026-10-01T02:16:19.0669702-04:00","0.01","61.8","127.8","525","17"
"2026-10-01T02:16:24.0798357-04:00","0.01","61.8","127.8","525","17"
"2026-10-01T02:16:29.0958084-04:00","0.019","61.8","127.8","522","16"
"2026-10-01T02:16:34.1096204-04:00","0.01","61.8","127.8","522","16"
"2026-10-01T02:16:39.1224158-04:00","0.019","61.8","127.8","522","16"
"2026-10-01T02:16:44.1369626-04:00","0.01","61.8","127.8","522","16"
"2026-10-01T02:16:49.1500042-04:00","0.01","61.8","127.8","525","17"
"2026-10-01T02:16:54.1609071-04:00","0.019","61.8","127.8","525","17"
"2026-10-01T02:16:59.1777734-04:00","0.01","61.8","127.8","525","17"
"2026-10-01T02:17:04.1909198-04:00","0.01","61.8","127.8","525","17"
"2026-10-01T02:17:09.2059639-04:00","0.019","61.8","127.7","526","17"
"2026-10-01T02:17:14.2131852-04:00","0","61.7","127.7","523","16"
"2026-10-01T02:17:19.2267857-04:00","0.01","61.9","128","526","19"
"2026-10-01T02:17:24.2427735-04:00","0.01","61.9","128","526","19"
"2026-10-01T02:17:29.2553330-04:00","0.019","61.9","128.1","526","19"
"2026-10-01T02:17:34.2727421-04:00","0.01","61.9","128.1","526","19"
"2026-10-01T02:17:39.2923877-04:00","0.019","61.9","128.1","529","20"
"2026-10-01T02:17:44.3062299-04:00","0.01","62.7","128.9","526","19"
"2026-10-01T02:17:49.3171055-04:00","0","61.9","128.1","526","19"
"2026-10-01T02:17:54.3346152-04:00","0.01","61.9","128.1","526","19"
"2026-10-01T02:17:59.3426576-04:00","0.019","61.9","128.1","529","20"
"2026-10-01T02:18:04.3575738-04:00","0.019","61.8","128.1","526","18"
"2026-10-01T02:18:09.3705968-04:00","0.019","61.8","128.1","523","18"
"2026-10-01T02:18:14.3797992-04:00","0.01","61.8","128.1","523","18"
"2026-10-01T02:18:19.3919795-04:00","0.019","62.1","128.6","530","19"
"2026-10-01T02:18:24.4058852-04:00","0","60.9","127.8","527","18"
"2026-10-01T02:18:29.4176987-04:00","0.01","60.9","127.8","527","18"
"2026-10-01T02:18:34.4281484-04:00","0.019","60.9","127.8","527","18"
"2026-10-01T02:18:39.4445839-04:00","0.019","60.9","127.8","527","18"
"2026-10-01T02:18:44.4551401-04:00","0.01","60.9","127.8","527","18"
"2026-10-01T02:18:49.4717059-04:00","0.01","60.9","127.8","527","18"
"2026-10-01T02:18:54.4848443-04:00","0.039","60.9","127.8","527","18"
"2026-10-01T02:18:59.4949329-04:00","0.019","60.8","127.8","527","17"
"2026-10-01T02:19:04.5092935-04:00","0.01","60.9","127.8","530","18"
"2026-10-01T02:19:09.5281868-04:00","0.01","60.9","127.8","530","18"
"2026-10-01T02:19:14.5396383-04:00","0.01","60.9","127.8","530","18"
"2026-10-01T02:19:19.5564050-04:00","0.01","60.9","127.8","530","18"
"2026-10-01T02:19:24.5657490-04:00","0.01","60.9","127.8","530","18"
"2026-10-01T02:19:29.5843537-04:00","0","60.9","127.8","530","18"
"2026-10-01T02:19:34.5988912-04:00","0.019","60.9","127.8","530","18"
"2026-10-01T02:19:39.6132705-04:00","0.01","60.9","127.8","530","18"
"2026-10-01T02:19:44.6281594-04:00","0.01","60.9","127.8","530","18"
"2026-10-01T02:19:49.6405351-04:00","0.01","60.9","127.8","530","18"
"2026-10-01T02:19:54.6574450-04:00","0.019","60.8","127.8","530","17"
"2026-10-01T02:19:59.6747761-04:00","0.01","60.8","127.8","530","17"
"2026-10-01T02:20:04.6875336-04:00","0.01","60.8","127.8","530","17"
"2026-10-01T02:20:09.7034714-04:00","0.01","60.8","127.8","526","16"
"2026-10-01T02:20:14.7222727-04:00","0.029","60.8","127.8","526","16"
"2026-10-01T02:20:19.7506026-04:00","0.01","60.8","127.8","526","16"
"2026-10-01T02:20:24.7653435-04:00","0.01","60.8","127.8","526","16"
"2026-10-01T02:20:29.7857075-04:00","0","60.8","127.8","529","17"
"2026-10-01T02:20:34.7979249-04:00","0.019","61","127.9","532","18"
"2026-10-01T02:20:39.8127392-04:00","0.01","61","127.8","529","17"
"2026-10-01T02:20:44.8233706-04:00","0.01","61","127.8","529","17"
"2026-10-01T02:20:49.8342078-04:00","0.01","61","127.8","529","17"
"2026-10-01T02:20:54.8457791-04:00","0.01","61","127.8","529","17"
"2026-10-01T02:20:59.8548107-04:00","0","61","127.8","529","17"
"2026-10-01T02:21:04.8654728-04:00","0.019","60.9","127.8","529","16"
"2026-10-01T02:21:09.8776417-04:00","0","60.9","127.8","532","17"
"2026-10-01T02:21:14.8874252-04:00","0.019","60.9","127.8","532","17"
"2026-10-01T02:21:19.9004725-04:00","0.01","61","127.9","535","18"
"2026-10-01T02:21:24.9071327-04:00","0.02","60.9","127.8","532","17"
"2026-10-01T02:21:29.9185460-04:00","0.019","60.9","127.8","532","16"
"2026-10-01T02:21:34.9240801-04:00","0.02","60.9","127.8","532","16"
"2026-10-01T02:21:39.9429168-04:00","0","60.9","127.8","532","16"
"2026-10-01T02:21:44.9624248-04:00","0","60.9","127.8","532","16"
"2026-10-01T02:21:49.9741246-04:00","0.019","60.9","127.8","532","16"
"2026-10-01T02:21:54.9857896-04:00","0.01","60.9","127.8","532","16"
"2026-10-01T02:22:00.0009435-04:00","0.01","60.9","127.8","532","16"
"2026-10-01T02:22:05.0142817-04:00","0.01","60.9","127.8","532","16"
"2026-10-01T02:22:10.0258741-04:00","0.01","60.9","127.8","532","16"
"2026-10-01T02:22:15.0395313-04:00","0.01","60.9","127.8","532","16"
"2026-10-01T02:22:20.0585011-04:00","0.01","62","128.9","535","19"
